Time,P,nZ,nG,isAnomalous,isQuiet
2026-07-12 00:30:08,5.942518642588608,11635.637187983975,1958.0312469857731,False,True
