Time,P,nZ,nG,isAnomalous,isQuiet
2026-03-29 00:30:08,5.960113849576188,11630.261206367677,1951.3488332432914,False,True
