Time,P,nZ,nG,isAnomalous,isQuiet
2026-05-23 00:30:08,5.943375772539943,11629.952040142978,1956.7923155518126,False,True
