Time,P,nZ,nG,isAnomalous,isQuiet
2026-07-03 00:30:08,5.93867737953224,11631.719447935575,1958.6380442258926,False,True
