Time,P,nZ,nG,isAnomalous,isQuiet
2026-05-31 00:30:08,5.9495737471038,11629.377882965502,1954.65732122853,False,True
