Time,P,nZ,nG,isAnomalous,isQuiet
2026-06-26 00:30:08,5.938996292419791,11630.185186576935,1958.2745322506878,False,True
