Time,P,nZ,nG,isAnomalous,isQuiet
2026-05-28 00:30:08,5.9422146557480735,11629.81915796174,1957.1523130205142,False,True
