Time,P,nZ,nG,isAnomalous,isQuiet
2026-07-15 00:30:04,15.370339356853057,14283.962616311179,929.3199248683144,False,True
