Time,P,nZ,nG,isAnomalous,isQuiet
2026-07-14 00:30:04,15.437012095066336,14275.981841976149,924.7891855016909,False,True
