Time,P,nZ,nG,isAnomalous,isQuiet
2026-07-12 00:30:04,15.384775303779769,14303.755371254805,929.7344347785582,False,True
