Time,P,nZ,nG,isAnomalous,isQuiet
2026-05-28 00:30:04,15.359730783963203,14287.02199484981,930.1609641339946,False,True
