Time,P,nZ,nG,isAnomalous,isQuiet
2026-07-04 00:30:04,15.290205876654289,14284.97691097557,934.2566755616062,False,True
