Time,P,nZ,nG,isAnomalous,isQuiet
2026-05-01 00:30:04,15.42160222294985,14237.670099947809,923.2289806282153,False,True
