Time,P,nZ,nG,isAnomalous,isQuiet
2026-06-06 00:30:04,15.662733255469037,14228.774881367173,908.4477561666217,False,True
