Time,P,nZ,nG,isAnomalous,isQuiet
2026-07-02 00:30:03,5.015529756976964,15291.866464133242,3048.903546601663,False,True
