Time,P,nZ,nG,isAnomalous,isQuiet
2026-07-18 00:30:03,5.016450747761421,15292.11919535471,3048.3941663692763,False,True
