Time,P,nZ,nG,isAnomalous,isQuiet
2026-07-02 00:30:03,0.5000000000000007,54642.31439603791,109284.62879207567,False,True
