Time,P,nZ,nG,isAnomalous,isQuiet
2026-07-01 00:30:03,1.980541450757648,10148.584700366175,5124.146579453753,False,True
