Time,P,nZ,nG,isAnomalous,isQuiet
2026-07-14 00:30:03,1.9826806117712756,10152.378688682797,5120.53158154047,False,True
