Time,P,nZ,nG,isAnomalous,isQuiet
2026-05-15 00:30:03,1.9793089845366534,10154.200204290264,5130.174360658153,False,True
