Time,P,nZ,nG,isAnomalous,isQuiet
2026-07-04 00:30:03,1.9746881896824595,10145.231527863696,5137.637213242818,False,True
