Time,P,nZ,nG,isAnomalous,isQuiet
2026-05-23 00:30:03,1.6495870264183965,12363822.668486966,7495101.786373435,False,True
