Time,P,nZ,nG,isAnomalous,isQuiet
2026-05-09 00:30:03,1.979765282186184,10152.269414729488,5128.016692725665,False,True
