Time,P,nZ,nG,isAnomalous,isQuiet
2026-05-01 00:30:03,1.9824610378667298,10153.97918200782,5121.906049126812,False,True
