Time,P,nZ,nG,isAnomalous,isQuiet
2026-06-06 00:30:03,1.9833176726288277,10142.434990278898,5113.87314813537,False,True
