Time,P,nZ,nG,isAnomalous,isQuiet
2026-07-06 00:30:03,1.9860012164403462,10149.174715421334,5110.356746715611,False,True
