Time,P,nZ,nG,isAnomalous,isQuiet
2026-02-11 23:29:59,0.5000000000000007,54642.31439603791,109284.62879207567,False,True
